time,user,src_ip,action
2025-09-04 09:39:33,charlie,192.168.1.11,success
2025-09-04 09:45:33,alice,192.168.1.24,failed
2025-09-04 12:54:33,eve,192.168.1.29,failed
2025-09-04 12:17:33,eve,192.168.1.15,failed
2025-09-04 06:42:33,david,192.168.1.28,failed
2025-09-04 09:52:33,alice,192.168.1.24,failed
2025-09-04 10:04:33,charlie,192.168.1.28,failed
2025-09-04 09:26:33,david,192.168.1.11,failed
2025-09-04 10:18:33,alice,192.168.1.10,success
2025-09-04 13:42:33,eve,192.168.1.16,failed
2025-09-04 11:48:33,charlie,192.168.1.28,failed
2025-09-04 06:59:33,david,192.168.1.19,failed
2025-09-04 10:26:33,alice,192.168.1.29,failed
2025-09-04 08:16:33,alice,192.168.1.18,failed
2025-09-04 06:48:33,david,192.168.1.19,success
2025-09-04 06:51:33,alice,192.168.1.28,success
2025-09-04 14:17:33,alice,192.168.1.20,failed
2025-09-04 09:39:33,david,192.168.1.26,failed
2025-09-04 12:26:33,david,192.168.1.29,failed
2025-09-04 12:39:33,bob,192.168.1.13,success
